
{
    "region" : "us-east-2",
    "configuration" : "Debug",
    "framework"     : "netcoreapp3.1",
    "self-contained" : false,
    "application"    : "CSIS483ELearningWebApplication",
    "environment"    : "CSIS483ELearningWebApplication-prod",
    "enable-xray"    : false,
    "enhanced-health-type" : "basic",
    "additional-options"   : "",
    "solution-stack"       : "64bit Amazon Linux 2 v2.0.3 running .NET Core",
    "environment-type"     : "SingleInstance",
    "cname"                : "csis483elearningwebapplication-prod",
    "instance-type"        : "t2.micro",
    "key-pair"             : "csis483",
    "instance-profile"     : "aws-elasticbeanstalk-ec2-role",
    "service-role"         : "aws-elasticbeanstalk-service-role",
    "proxy-server"         : "nginx"
}